<?xml version="1.0" encoding="UTF-8"?>
<!DOCTYPE mapper
 PUBLIC "-//mybatis.org//DTD Mapper 3.0//EN"
 "http://mybatis.org/dtd/mybatis-3-mapper.dtd">
<mapper namespace="com.etc.flowershop.mybatis.JumpMapper">

	<!-- 完成接口中方法需要执行的sql语句 -->
	<select id="companyinfo" resultType="com.etc.flowershop.dto.Company">
		select * from Company where CompanyId=1;
	</select>

	<select id="officeinfo" resultType="com.etc.flowershop.dto.OfficeInfo">
		select * from OfficeInfo where CompanyId=1;
	</select>

	<select id="qanswer" resultType="com.etc.flowershop.dto.QAnswer">
		select * from QAnswer;
	</select>

	<select id="flowerkind" resultType="com.etc.flowershop.dto.FlowerKind">
		select * from FlowerKind;
	</select>

	<select id="flowers" resultType="com.etc.flowershop.dto.Flower">
		select * from Flower;
	</select>

	<select id="productdetail" resultType="com.etc.flowershop.dto.Flower">
		select * from Flower where FlowerId=#{0};
	</select>

	<select id="bargainflower" resultType="com.etc.flowershop.dto.BargainFlower">
		select * from BargainFlower;
	</select>

	<select id="getbargainflower" resultType="com.etc.flowershop.dto.BargainFlower">
		select * from BargainFlower where FlowerId=#{0};
	</select>
	
	
	  <!-- 分页SQL语句 -->
  <select id="selectProductsByPage" resultType="com.etc.flowershop.dto.Flower">
    select * from flower limit #{0},#{1} 
  </select>
  
  <!-- 取得记录的总数 -->
  <select id="getProductsCount" resultType="int">
    SELECT COUNT(*) FROM flower; 
  </select>

	<select id="search" resultType="com.etc.flowershop.dto.Flower">
		SELECT * from flower where binary name LIKE "%"#{0}"%";
	</select>
	

	<select id="userinfo" resultType="com.etc.flowershop.dto.Customer">
		SELECT * from customer where uid = #{0};
	</select>
	
</mapper>