<?xml version="1.0" encoding="UTF-8"?>
<!DOCTYPE mapper
 PUBLIC "-//mybatis.org//DTD Mapper 3.0//EN"
 "http://mybatis.org/dtd/mybatis-3-mapper.dtd">
<mapper namespace="com.etc.flowershop.mybatis.RegisterMapper">

	<!-- 完成接口中方法需要执行的sql语句 -->
	<insert id="register">
		INSERT into customer(name,email,password,phonenumber,usertype,registerdate)
		VALUES (#{0},#{1},#{2},#{3},#{4},#{5});
	</insert>
	
	<select id="checkname" resultType="com.etc.flowershop.dto.Customer">
		select * from customer where Name=#{0};
	</select>
	
	<select id="checkemail" resultType="com.etc.flowershop.dto.Customer">
		select * from customer where Email=#{0};
	</select>
	
	<select id="checktel" resultType="com.etc.flowershop.dto.Customer">
		select * from customer where PhoneNumber=#{0};
	</select>
	<insert id="insertaccount">
		insert into useraccount(account,uid) values (#{0},#{1});
	</insert>
</mapper>